date,nifty_50,nifty_100,nifty_midcap_150,bse_smallcap,crisil_liquid
2022-01-03,17733.76,17379.09,20393.83,23053.89,1000.0
2022-01-04,17650.86,17297.84,20298.49,22946.12,1000.25
2022-01-05,17763.44,17408.17,20427.96,23092.47,1000.5
2022-01-06,17631.61,17278.98,20276.35,22921.09,1000.75
2022-01-07,17441.62,17092.78,20057.86,22674.1,1001.0
2022-01-10,17502.25,17152.2,20127.58,22752.92,1001.25
2022-01-11,17643.81,17290.94,20290.39,22936.96,1001.5
2022-01-12,17758.87,17403.7,20422.71,23086.54,1001.75
2022-01-13,17849.8,17492.8,20527.27,23204.74,1002.0
2022-01-14,17860.3,17503.1,20539.35,23218.39,1002.25
2022-01-17,18069.83,17708.43,20780.3,23490.78,1002.5
2022-01-18,17941.03,17582.21,20632.19,23323.34,1002.75
2022-01-19,17769.76,17414.36,20435.22,23100.69,1003.0
2022-01-20,17875.47,17517.96,20556.79,23238.11,1003.25
2022-01-21,17782.4,17426.75,20449.76,23117.12,1003.5
2022-01-24,17630.13,17277.53,20274.65,22919.17,1003.75
2022-01-25,17749.77,17394.77,20412.24,23074.7,1004.0
2022-01-26,17933.76,17575.08,20623.82,23313.88,1004.25
2022-01-27,17968.61,17609.24,20663.91,23359.2,1004.5
2022-01-28,17674.03,17320.55,20325.13,22976.23,1004.75
2022-01-31,18065.22,17703.92,20775.01,23484.79,1005.0
2022-02-01,18258.75,17893.58,20997.56,23736.38,1005.25
2022-02-02,17858.62,17501.44,20537.41,23216.2,1005.5
2022-02-03,17566.64,17215.31,20201.64,22836.63,1005.75
2022-02-04,17612.21,17259.96,20254.04,22895.87,1006.0
2022-02-07,17712.16,17357.91,20368.98,23025.8,1006.25
2022-02-08,17597.2,17245.26,20236.78,22876.36,1006.5
2022-02-09,17628.08,17275.52,20272.29,22916.5,1006.75
2022-02-10,17764.55,17409.26,20429.23,23093.92,1007.0
2022-02-11,17891.31,17533.48,20575.0,23258.7,1007.25
2022-02-14,17721.44,17367.01,20379.66,23037.87,1007.5
2022-02-15,18093.32,17731.45,20807.31,23521.31,1007.75
2022-02-16,18392.62,18024.76,21151.51,23910.4,1008.0
2022-02-17,18565.35,18194.04,21350.15,24134.95,1008.25
2022-02-18,18400.31,18032.3,21160.36,23920.4,1008.5
2022-02-21,18622.03,18249.59,21415.34,24208.64,1008.75
2022-02-22,18461.72,18092.48,21230.97,24000.23,1009.0
2022-02-23,18600.38,18228.38,21390.44,24180.5,1009.25
2022-02-24,18675.34,18301.83,21476.64,24277.94,1009.5
2022-02-25,18837.35,18460.61,21662.96,24488.56,1009.75
2022-02-28,18766.14,18390.81,21581.06,24395.98,1010.0
2022-03-01,19024.86,18644.36,21878.58,24732.31,1010.25
2022-03-02,19094.91,18713.01,21959.15,24823.39,1010.5
2022-03-03,18960.35,18581.14,21804.4,24648.45,1010.75
2022-03-04,19101.62,18719.59,21966.86,24832.1,1011.0
2022-03-07,19188.43,18804.66,22066.7,24944.96,1011.25
2022-03-08,19364.52,18977.23,22269.2,25173.88,1011.5
2022-03-09,19261.0,18875.78,22150.15,25039.3,1011.75
2022-03-10,19219.26,18834.87,22102.15,24985.04,1012.0
2022-03-11,19268.18,18882.81,22158.4,25048.63,1012.25
2022-03-14,19161.76,18778.53,22036.03,24910.29,1012.5
2022-03-15,19033.37,18652.71,21888.38,24743.39,1012.75
2022-03-16,18797.76,18421.8,21617.42,24437.08,1013.0
2022-03-17,18807.01,18430.87,21628.06,24449.11,1013.25
2022-03-18,18693.97,18320.09,21498.07,24302.17,1013.5
2022-03-21,18577.79,18206.24,21364.46,24151.13,1013.75
2022-03-22,18475.29,18105.79,21246.59,24017.88,1014.0
2022-03-23,18221.04,17856.61,20954.19,23687.35,1014.25
2022-03-24,18126.68,17764.15,20845.68,23564.68,1014.5
2022-03-25,18165.03,17801.73,20889.79,23614.54,1014.75
2022-03-28,18054.58,17693.48,20762.76,23470.95,1015.0
2022-03-29,17798.72,17442.75,20468.53,23138.34,1015.25
2022-03-30,17971.16,17611.74,20666.84,23362.51,1015.5
2022-03-31,17927.36,17568.81,20616.46,23305.57,1015.75
2022-04-01,17907.88,17549.73,20594.07,23280.25,1016.0
2022-04-04,17752.37,17397.32,20415.23,23078.08,1016.25
2022-04-05,17601.56,17249.52,20241.79,22882.02,1016.5
2022-04-06,17629.65,17277.06,20274.1,22918.54,1016.75
2022-04-07,17279.81,16934.21,19871.78,22463.75,1017.0
2022-04-08,16962.05,16622.81,19506.36,22050.67,1017.25
2022-04-11,17043.47,16702.6,19600.0,22156.52,1017.5
2022-04-12,17104.99,16762.89,19670.73,22236.48,1017.75
2022-04-13,16956.02,16616.9,19499.42,22042.82,1018.0
2022-04-14,16899.71,16561.72,19434.67,21969.63,1018.25
2022-04-15,16801.72,16465.68,19321.97,21842.23,1018.5
2022-04-18,16587.04,16255.3,19075.1,21563.15,1018.75
2022-04-19,16548.04,16217.08,19030.25,21512.45,1019.0
2022-04-20,16499.35,16169.37,18974.26,21449.16,1019.25
2022-04-21,16682.57,16348.92,19184.95,21687.34,1019.5
2022-04-22,16481.8,16152.17,18954.07,21426.34,1019.75
2022-04-25,16917.92,16579.56,19455.61,21993.3,1020.0
2022-04-26,16731.35,16396.73,19241.06,21750.76,1020.25
2022-04-27,16821.47,16485.04,19344.69,21867.91,1020.5
2022-04-28,16836.6,16499.86,19362.09,21887.58,1020.75
2022-04-29,17270.66,16925.24,19861.26,22451.85,1021.0
2022-05-02,17412.67,17064.42,20024.58,22636.48,1021.25
2022-05-03,17535.64,17184.93,20165.99,22796.33,1021.5
2022-05-04,17762.2,17406.95,20426.53,23090.86,1021.75
2022-05-05,17742.2,17387.35,20403.53,23064.86,1022.0
2022-05-06,17657.72,17304.57,20306.38,22955.04,1022.25
2022-05-09,17760.94,17405.72,20425.08,23089.23,1022.5
2022-05-10,17698.08,17344.12,20352.8,23007.51,1022.75
2022-05-11,17682.17,17328.53,20334.5,22986.82,1023.0
2022-05-12,17857.22,17500.07,20535.8,23214.38,1023.25
2022-05-13,17617.41,17265.06,20260.03,22902.64,1023.5
2022-05-16,17635.86,17283.14,20281.24,22926.62,1023.75
2022-05-17,17613.51,17261.24,20255.54,22897.57,1024.0
2022-05-18,17566.86,17215.53,20201.89,22836.92,1024.25
2022-05-19,17663.63,17310.35,20313.17,22962.71,1024.5
2022-05-20,17403.28,17055.22,20013.78,22624.27,1024.75
2022-05-23,17261.76,16916.53,19851.02,22440.29,1025.0
2022-05-24,17188.42,16844.65,19766.69,22344.95,1025.25
2022-05-25,16966.33,16627.01,19511.28,22056.23,1025.5
2022-05-26,17170.66,16827.25,19746.26,22321.86,1025.75
2022-05-27,17065.8,16724.48,19625.67,22185.53,1026.0
2022-05-30,17412.97,17064.71,20024.91,22636.86,1026.25
2022-05-31,17335.51,16988.8,19935.83,22536.16,1026.5
2022-06-01,17203.35,16859.28,19783.85,22364.35,1026.75
2022-06-02,17348.7,17001.72,19951.0,22553.31,1027.0
2022-06-03,17198.17,16854.21,19777.9,22357.63,1027.25
2022-06-06,16708.11,16373.94,19214.32,21720.54,1027.5
2022-06-07,16800.86,16464.85,19320.99,21841.12,1027.75
2022-06-08,17098.61,16756.63,19663.4,22228.19,1028.0
2022-06-09,16825.51,16489.0,19349.34,21873.17,1028.25
2022-06-10,16903.02,16564.96,19438.47,21973.92,1028.5
2022-06-13,17096.04,16754.12,19660.45,22224.86,1028.75
2022-06-14,17126.54,16784.01,19695.52,22264.5,1029.0
2022-06-15,17354.58,17007.49,19957.77,22560.95,1029.25
2022-06-16,17331.44,16984.81,19931.16,22530.87,1029.5
2022-06-17,17194.78,16850.88,19774.0,22353.21,1029.75
2022-06-20,17048.25,16707.29,19605.49,22162.73,1030.0
2022-06-21,17136.59,16793.86,19707.08,22277.57,1030.25
2022-06-22,17106.91,16764.78,19672.95,22238.99,1030.5
2022-06-23,17048.9,16707.92,19606.23,22163.57,1030.75
2022-06-24,17194.67,16850.78,19773.87,22353.08,1031.0
2022-06-27,17417.13,17068.79,20029.7,22642.27,1031.25
2022-06-28,17376.25,17028.73,19982.69,22589.13,1031.5
2022-06-29,17191.78,16847.95,19770.55,22349.32,1031.75
2022-06-30,17396.03,17048.11,20005.44,22614.84,1032.0
2022-07-01,17729.25,17374.66,20388.64,23048.02,1032.25
2022-07-04,17520.36,17169.96,20148.42,22776.47,1032.5
2022-07-05,17428.37,17079.81,20042.63,22656.88,1032.75
2022-07-06,17769.87,17414.47,20435.35,23100.83,1033.0
2022-07-07,17734.13,17379.44,20394.24,23054.36,1033.25
2022-07-08,18100.83,17738.81,20815.95,23531.08,1033.5
2022-07-11,18081.07,17719.45,20793.23,23505.39,1033.75
2022-07-12,18158.41,17795.24,20882.17,23605.93,1034.0
2022-07-13,17932.62,17573.96,20622.51,23312.4,1034.25
2022-07-14,17564.57,17213.28,20199.25,22833.94,1034.5
2022-07-15,17527.77,17177.21,20156.93,22786.1,1034.75
2022-07-18,17574.27,17222.79,20210.41,22846.56,1035.0
2022-07-19,17695.74,17341.82,20350.1,23004.46,1035.25
2022-07-20,17962.26,17603.01,20656.6,23350.93,1035.5
2022-07-21,17908.51,17550.34,20594.79,23281.06,1035.75
2022-07-22,17976.65,17617.11,20673.14,23369.64,1036.0
2022-07-25,17973.28,17613.82,20669.27,23365.27,1036.25
2022-07-26,17826.23,17469.7,20500.16,23174.1,1036.5
2022-07-27,17869.24,17511.85,20549.62,23230.01,1036.75
2022-07-28,18202.46,17838.41,20932.83,23663.2,1037.0
2022-07-29,18375.66,18008.14,21132.0,23888.35,1037.25
2022-08-01,18468.98,18099.6,21239.33,24009.67,1037.5
2022-08-02,18355.41,17988.3,21108.72,23862.03,1037.75
2022-08-03,18274.96,17909.46,21016.21,23757.45,1038.0
2022-08-04,18318.29,17951.92,21066.03,23813.77,1038.25
2022-08-05,18429.18,18060.59,21193.55,23957.93,1038.5
2022-08-08,18411.32,18043.1,21173.02,23934.72,1038.75
2022-08-09,18418.88,18050.5,21181.71,23944.54,1039.0
2022-08-10,18220.79,17856.38,20953.91,23687.03,1039.25
2022-08-11,18171.81,17808.37,20897.58,23623.35,1039.5
2022-08-12,18218.68,17854.31,20951.49,23684.29,1039.75
2022-08-15,18265.71,17900.4,21005.57,23745.43,1040.0
2022-08-16,18513.87,18143.6,21290.95,24068.03,1040.25
2022-08-17,18360.25,17993.05,21114.29,23868.33,1040.5
2022-08-18,18322.03,17955.59,21070.34,23818.64,1040.75
2022-08-19,18664.39,18291.11,21464.05,24263.71,1041.0
2022-08-22,18445.25,18076.34,21212.04,23978.82,1041.25
2022-08-23,18415.32,18047.02,21177.62,23939.92,1041.5
2022-08-24,18722.93,18348.48,21531.37,24339.81,1041.75
2022-08-25,19053.28,18672.21,21911.27,24769.26,1042.0
2022-08-26,19056.99,18675.85,21915.53,24774.08,1042.25
2022-08-29,18895.62,18517.71,21729.96,24564.3,1042.5
2022-08-30,18856.41,18479.28,21684.87,24513.33,1042.75
2022-08-31,18873.47,18496.0,21704.5,24535.52,1043.0
2022-09-01,18878.78,18501.21,21710.6,24542.42,1043.25
2022-09-02,19161.83,18778.6,22036.11,24910.38,1043.5
2022-09-05,19049.64,18668.65,21907.09,24764.54,1043.75
2022-09-06,19151.07,18768.05,22023.73,24896.39,1044.0
2022-09-07,19159.56,18776.37,22033.49,24907.43,1044.25
2022-09-08,19196.34,18812.41,22075.79,24955.24,1044.5
2022-09-09,19253.57,18868.5,22141.61,25029.65,1044.75
2022-09-12,19159.47,18776.29,22033.4,24907.32,1045.0
2022-09-13,19360.56,18973.35,22264.65,25168.73,1045.25
2022-09-14,19483.42,19093.75,22405.93,25328.45,1045.5
2022-09-15,19605.7,19213.59,22546.56,25487.41,1045.75
2022-09-16,19460.67,19071.45,22379.77,25298.87,1046.0
2022-09-19,19789.65,19393.86,22758.1,25726.55,1046.25
2022-09-20,19843.36,19446.49,22819.87,25796.37,1046.5
2022-09-21,19778.83,19383.25,22745.65,25712.47,1046.75
2022-09-22,19610.15,19217.95,22551.67,25493.19,1047.0
2022-09-23,19496.88,19106.95,22421.42,25345.95,1047.25
2022-09-26,19474.03,19084.55,22395.13,25316.23,1047.5
2022-09-27,18875.2,18497.7,21706.48,24537.76,1047.75
2022-09-28,19197.92,18813.96,22077.61,24957.3,1048.0
2022-09-29,19338.5,18951.73,22239.27,25140.05,1048.25
2022-09-30,19584.62,19192.92,22522.31,25460.0,1048.5
2022-10-03,19569.31,19177.92,22504.7,25440.1,1048.75
2022-10-04,19793.48,19397.61,22762.51,25731.53,1049.0
2022-10-05,19943.68,19544.81,22935.24,25926.79,1049.25
2022-10-06,20021.59,19621.16,23024.83,26028.06,1049.5
2022-10-07,19969.55,19570.16,22964.99,25960.42,1049.75
2022-10-10,20080.74,19679.12,23092.85,26104.96,1050.0
2022-10-11,20220.37,19815.97,23253.43,26286.49,1050.25
2022-10-12,20377.47,19969.92,23434.09,26490.71,1050.5
2022-10-13,20358.93,19951.76,23412.77,26466.62,1050.75
2022-10-14,20277.83,19872.28,23319.51,26361.18,1051.0
2022-10-17,20310.64,19904.43,23357.24,26403.83,1051.25
2022-10-18,20385.06,19977.36,23442.82,26500.57,1051.5
2022-10-19,20584.82,20173.12,23672.54,26760.27,1051.75
2022-10-20,20382.91,19975.25,23440.35,26497.79,1052.0
2022-10-21,20148.91,19745.93,23171.25,26193.59,1052.25
2022-10-24,20118.04,19715.68,23135.75,26153.45,1052.5
2022-10-25,20083.29,19681.63,23095.78,26108.28,1052.75
2022-10-26,20053.28,19652.21,23061.27,26069.26,1053.0
2022-10-27,20472.69,20063.24,23543.6,26614.5,1053.25
2022-10-28,20810.51,20394.3,23932.08,27053.66,1053.5
2022-10-31,20951.34,20532.32,24094.04,27236.75,1053.75
2022-11-01,20835.4,20418.69,23960.71,27086.02,1054.0
2022-11-02,20986.37,20566.64,24134.32,27282.28,1054.25
2022-11-03,20919.93,20501.53,24057.92,27195.91,1054.5
2022-11-04,20976.86,20557.32,24123.39,27269.92,1054.75
2022-11-07,20987.96,20568.2,24136.16,27284.35,1055.0
2022-11-08,20854.79,20437.69,23983.01,27111.22,1055.25
2022-11-09,20480.33,20070.72,23552.37,26624.42,1055.5
2022-11-10,20156.5,19753.37,23179.98,26203.46,1055.75
2022-11-11,20296.64,19890.71,23341.13,26385.63,1056.0
2022-11-14,20335.09,19928.38,23385.35,26435.61,1056.25
2022-11-15,20544.19,20133.31,23625.82,26707.45,1056.5
2022-11-16,20676.07,20262.55,23777.48,26878.89,1056.75
2022-11-17,21096.53,20674.6,24261.01,27425.49,1057.0
2022-11-18,21147.76,20724.8,24319.92,27492.09,1057.25
2022-11-21,21132.5,20709.85,24302.38,27472.26,1057.5
2022-11-22,20924.02,20505.54,24062.63,27201.23,1057.75
2022-11-23,20971.72,20552.29,24117.48,27263.24,1058.0
2022-11-24,21078.02,20656.46,24239.72,27401.42,1058.25
2022-11-25,21037.49,20616.74,24193.11,27348.73,1058.5
2022-11-28,21131.96,20709.32,24301.75,27471.55,1058.75
2022-11-29,21166.54,20743.21,24341.52,27516.5,1059.0
2022-11-30,21478.67,21049.09,24700.47,27922.27,1059.25
2022-12-01,21494.55,21064.66,24718.74,27942.92,1059.5
2022-12-02,21508.65,21078.48,24734.95,27961.25,1059.75
2022-12-05,21612.24,21180.0,24854.08,28095.92,1060.0
2022-12-06,22001.48,21561.45,25301.7,28601.92,1060.25
2022-12-07,22017.93,21577.57,25320.62,28623.31,1060.5
2022-12-08,21913.32,21475.05,25200.31,28487.31,1060.75
2022-12-09,21984.64,21544.95,25282.34,28580.04,1061.0
2022-12-12,21940.31,21501.5,25231.35,28522.4,1061.25
2022-12-13,21671.51,21238.08,24922.24,28172.96,1061.5
2022-12-14,21839.39,21402.6,25115.29,28391.2,1061.75
2022-12-15,21496.13,21066.2,24720.54,27944.96,1062.0
2022-12-16,21300.24,20874.23,24495.27,27690.31,1062.25
2022-12-19,21209.09,20784.91,24390.45,27571.82,1062.5
2022-12-20,21418.25,20989.88,24630.98,27843.72,1062.75
2022-12-21,21533.15,21102.48,24763.12,27993.09,1063.0
2022-12-22,21860.35,21423.14,25139.4,28418.45,1063.25
2022-12-23,21975.66,21536.15,25272.01,28568.36,1063.5
2022-12-26,21939.17,21500.39,25230.04,28520.92,1063.75
2022-12-27,21593.2,21161.33,24832.18,28071.16,1064.0
2022-12-28,21533.2,21102.54,24763.18,27993.16,1064.25
2022-12-29,21681.22,21247.59,24933.4,28185.58,1064.5
2022-12-30,21427.43,20998.88,24641.55,27855.66,1064.75
2023-01-02,21541.03,21110.21,24772.18,28003.34,1065.0
2023-01-03,21585.31,21153.6,24823.1,28060.9,1065.25
2023-01-04,21566.87,21135.53,24801.9,28036.93,1065.5
2023-01-05,21541.92,21111.08,24773.21,28004.5,1065.75
2023-01-06,21439.07,21010.29,24654.94,27870.8,1066.0
2023-01-09,21166.18,20742.86,24341.11,27516.04,1066.25
2023-01-10,20556.13,20145.01,23639.55,26722.97,1066.5
2023-01-11,20796.92,20380.98,23916.45,27035.99,1066.75
2023-01-12,20853.84,20436.77,23981.92,27110.0,1067.0
2023-01-13,20975.43,20555.92,24121.74,27268.06,1067.25
2023-01-16,21071.77,20650.33,24232.53,27393.3,1067.5
2023-01-17,21156.82,20733.69,24330.34,27503.87,1067.75
2023-01-18,21662.19,21228.95,24911.52,28160.85,1068.0
2023-01-19,21749.57,21314.58,25012.01,28274.44,1068.25
2023-01-20,21996.85,21556.91,25296.37,28595.9,1068.5
2023-01-23,21837.53,21400.78,25113.17,28388.8,1068.75
2023-01-24,21939.42,21500.64,25230.34,28521.25,1069.0
2023-01-25,22404.83,21956.74,25765.56,29126.28,1069.25
2023-01-26,22517.36,22067.01,25894.96,29272.57,1069.5
2023-01-27,22455.39,22006.28,25823.7,29192.01,1069.75
2023-01-30,22462.86,22013.61,25832.29,29201.72,1070.0
2023-01-31,22067.47,21626.12,25377.59,28687.71,1070.25
2023-02-01,21883.98,21446.3,25166.58,28449.18,1070.5
2023-02-02,22016.47,21576.14,25318.95,28621.42,1070.75
2023-02-03,22163.48,21720.21,25488.0,28812.52,1071.0
2023-02-06,22272.15,21826.7,25612.97,28953.79,1071.25
2023-02-07,22126.74,21684.2,25445.75,28764.76,1071.5
2023-02-08,22187.87,21744.11,25516.05,28844.23,1071.75
2023-02-09,22511.48,22061.25,25888.2,29264.92,1072.0
2023-02-10,22157.55,21714.4,25481.18,28804.82,1072.25
2023-02-13,22109.99,21667.79,25426.49,28742.98,1072.5
2023-02-14,22033.53,21592.86,25338.55,28643.58,1072.75
2023-02-15,22109.02,21666.84,25425.37,28741.72,1073.0
2023-02-16,21885.34,21447.64,25168.15,28450.95,1073.25
2023-02-17,21702.02,21267.98,24957.32,28212.62,1073.5
2023-02-20,21835.68,21398.96,25111.03,28386.38,1073.75
2023-02-21,21750.39,21315.38,25012.95,28275.5,1074.0
2023-02-22,21918.19,21479.82,25205.91,28493.64,1074.25
2023-02-23,22011.24,21571.01,25312.92,28614.61,1074.5
2023-02-24,22213.3,21769.03,25545.29,28877.28,1074.75
2023-02-27,21998.71,21558.74,25298.52,28598.33,1075.0
2023-02-28,22311.41,21865.19,25658.13,29004.84,1075.25
2023-03-01,22396.31,21948.39,25755.76,29115.2,1075.5
2023-03-02,22624.31,22171.82,26017.95,29411.6,1075.75
2023-03-03,22318.86,21872.48,25666.69,29014.52,1076.0
2023-03-06,22295.59,21849.68,25639.93,28984.27,1076.25
2023-03-07,22314.85,21868.55,25662.08,29009.31,1076.5
2023-03-08,22429.52,21980.93,25793.95,29158.37,1076.75
2023-03-09,22720.43,22266.03,26128.5,29536.56,1077.0
2023-03-10,22654.23,22201.15,26052.37,29450.5,1077.25
2023-03-13,22343.66,21896.79,25695.21,29046.76,1077.5
2023-03-14,21909.75,21471.56,25196.22,28482.68,1077.75
2023-03-15,21851.49,21414.46,25129.22,28406.94,1078.0
2023-03-16,22011.08,21570.86,25312.74,28614.4,1078.25
2023-03-17,22127.96,21685.4,25447.15,28766.34,1078.5
2023-03-20,22132.33,21689.68,25452.18,28772.03,1078.75
2023-03-21,22300.94,21854.92,25646.08,28991.22,1079.0
2023-03-22,22715.76,22261.44,26123.12,29530.48,1079.25
2023-03-23,23136.8,22674.06,26607.32,30077.84,1079.5
2023-03-24,23441.06,22972.24,26957.22,30473.38,1079.75
2023-03-27,23622.47,23150.02,27165.85,30709.22,1080.0
2023-03-28,23483.23,23013.57,27005.72,30528.2,1080.25
2023-03-29,23959.54,23480.35,27553.47,31147.4,1080.5
2023-03-30,24262.45,23777.2,27901.82,31541.19,1080.75
2023-03-31,24324.45,23837.97,27973.12,31621.79,1081.0
2023-04-03,24074.87,23593.37,27686.1,31297.33,1081.25
2023-04-04,24261.59,23776.36,27900.83,31540.07,1081.5
2023-04-05,24499.66,24009.67,28174.61,31849.56,1081.75
2023-04-06,24524.23,24033.74,28202.86,31881.49,1082.0
2023-04-07,24172.99,23689.53,27798.94,31424.89,1082.25
2023-04-10,24074.41,23592.93,27685.58,31296.74,1082.5
2023-04-11,24187.69,23703.94,27815.84,31444.0,1082.75
2023-04-12,24494.09,24004.21,28168.2,31842.31,1083.0
2023-04-13,24515.02,24024.72,28192.28,31869.53,1083.25
2023-04-14,24344.26,23857.37,27995.89,31647.53,1083.5
2023-04-17,23823.98,23347.5,27397.58,30971.18,1083.75
2023-04-18,24301.04,23815.02,27946.2,31591.35,1084.0
2023-04-19,24318.35,23831.98,27966.1,31613.85,1084.25
2023-04-20,24151.11,23668.09,27773.77,31396.44,1084.5
2023-04-21,23717.12,23242.78,27274.69,30832.26,1084.75
2023-04-24,23611.64,23139.41,27153.39,30695.14,1085.0
2023-04-25,23986.02,23506.3,27583.92,31181.82,1085.25
2023-04-26,23698.96,23224.98,27253.8,30808.65,1085.5
2023-04-27,23922.12,23443.68,27510.44,31098.75,1085.75
2023-04-28,23711.4,23237.17,27268.11,30824.81,1086.0
2023-05-01,23732.59,23257.94,27292.47,30852.36,1086.25
2023-05-02,23958.71,23479.54,27552.52,31146.33,1086.5
2023-05-03,23659.49,23186.3,27208.42,30757.34,1086.75
2023-05-04,23877.2,23399.66,27458.79,31040.37,1087.0
2023-05-05,23962.61,23483.36,27557.0,31151.39,1087.25
2023-05-08,24048.01,23567.05,27655.21,31262.41,1087.5
2023-05-09,24047.12,23566.17,27654.18,31261.25,1087.75
2023-05-10,24206.57,23722.44,27837.56,31468.54,1088.0
2023-05-11,24178.25,23694.68,27804.99,31431.72,1088.25
2023-05-12,23819.73,23343.33,27392.69,30965.65,1088.5
2023-05-15,23806.45,23330.32,27377.41,30948.38,1088.75
2023-05-16,24270.64,23785.23,27911.23,31551.83,1089.0
2023-05-17,24239.76,23754.96,27875.72,31511.69,1089.25
2023-05-18,24221.94,23737.5,27855.23,31488.52,1089.5
2023-05-19,23942.29,23463.44,27533.63,31124.97,1089.75
2023-05-22,24588.6,24096.83,28276.89,31965.18,1090.0
2023-05-23,24163.44,23680.17,27787.96,31412.47,1090.25
2023-05-24,24149.79,23666.79,27772.26,31394.73,1090.5
2023-05-25,24033.54,23552.87,27638.57,31243.6,1090.75
2023-05-26,23933.59,23454.91,27523.62,31113.66,1091.0
2023-05-29,23730.98,23256.36,27290.62,30850.27,1091.25
2023-05-30,23743.78,23268.9,27305.34,30866.91,1091.5
2023-05-31,23567.46,23096.11,27102.58,30637.7,1091.75
2023-06-01,23323.28,22856.82,26821.77,30320.27,1092.0
2023-06-02,22731.1,22276.47,26140.76,29550.42,1092.25
2023-06-05,22488.13,22038.36,25861.35,29234.57,1092.5
2023-06-06,22559.15,22107.97,25943.02,29326.9,1092.75
2023-06-07,22886.79,22429.05,26319.81,29752.83,1093.0
2023-06-08,22696.71,22242.77,26101.22,29505.72,1093.25
2023-06-09,22846.0,22389.08,26272.9,29699.81,1093.5
2023-06-12,22810.87,22354.65,26232.5,29654.13,1093.75
2023-06-13,22693.73,22239.85,26097.79,29501.85,1094.0
2023-06-14,22617.51,22165.16,26010.13,29402.76,1094.25
2023-06-15,22404.21,21956.12,25764.84,29125.47,1094.5
2023-06-16,22223.39,21778.92,25556.9,28890.41,1094.75
2023-06-19,22109.85,21667.65,25426.32,28742.8,1095.0
2023-06-20,22116.77,21674.43,25434.28,28751.8,1095.25
2023-06-21,21868.58,21431.2,25148.86,28429.15,1095.5
2023-06-22,21905.13,21467.03,25190.9,28476.67,1095.75
2023-06-23,21769.34,21333.95,25034.74,28300.14,1096.0
2023-06-26,21868.17,21430.8,25148.39,28428.62,1096.25
2023-06-27,22086.42,21644.7,25399.39,28712.35,1096.5
2023-06-28,22143.66,21700.78,25465.2,28786.75,1096.75
2023-06-29,21627.27,21194.73,24871.37,28115.46,1097.0
2023-06-30,21517.62,21087.27,24745.27,27972.91,1097.25
2023-07-03,21396.83,20968.89,24606.35,27815.88,1097.5
2023-07-04,21394.51,20966.62,24603.69,27812.87,1097.75
2023-07-05,21288.48,20862.72,24481.76,27675.03,1098.0
2023-07-06,21264.58,20839.29,24454.27,27643.95,1098.25
2023-07-07,21267.68,20842.33,24457.83,27647.99,1098.5
2023-07-10,21449.08,21020.1,24666.44,27883.8,1098.75
2023-07-11,21360.2,20933.0,24564.24,27768.27,1099.0
2023-07-12,20885.51,20467.8,24018.34,27151.17,1099.25
2023-07-13,21036.06,20615.34,24191.47,27346.88,1099.5
2023-07-14,21053.93,20632.85,24212.02,27370.11,1099.75
2023-07-17,20900.74,20482.72,24035.85,27170.96,1100.0
2023-07-18,20706.84,20292.7,23812.87,26918.89,1100.25
2023-07-19,20737.02,20322.28,23847.58,26958.13,1100.5
2023-07-20,20652.38,20239.33,23750.23,26848.09,1100.75
2023-07-21,21047.45,20626.51,24204.57,27361.69,1101.0
2023-07-24,21241.71,20816.88,24427.97,27614.23,1101.25
2023-07-25,21295.19,20869.28,24489.46,27683.74,1101.5
2023-07-26,21518.32,21087.95,24746.07,27973.82,1101.75
2023-07-27,21561.33,21130.11,24795.53,28029.73,1102.0
2023-07-28,21451.04,21022.02,24668.7,27886.36,1102.25
2023-07-31,21234.16,20809.48,24419.29,27604.41,1102.5
2023-08-01,21468.87,21039.49,24689.2,27909.52,1102.75
2023-08-02,21332.32,20905.67,24532.17,27732.01,1103.0
2023-08-03,21576.21,21144.69,24812.64,28049.07,1103.25
2023-08-04,21734.68,21299.98,24994.88,28255.08,1103.5
2023-08-07,21800.82,21364.81,25070.95,28341.07,1103.75
2023-08-08,21910.39,21472.18,25196.94,28483.5,1104.0
2023-08-09,21827.7,21391.14,25101.85,28376.01,1104.25
2023-08-10,21830.34,21393.73,25104.89,28379.44,1104.5
2023-08-11,21780.01,21344.41,25047.01,28314.01,1104.75
2023-08-14,21789.52,21353.73,25057.95,28326.38,1105.0
2023-08-15,21580.07,21148.47,24817.08,28054.09,1105.25
2023-08-16,21689.12,21255.34,24942.49,28195.85,1105.5
2023-08-17,21949.23,21510.25,25241.62,28534.0,1105.75
2023-08-18,21990.99,21551.17,25289.64,28588.28,1106.0
2023-08-21,22332.5,21885.85,25682.38,29032.25,1106.25
2023-08-22,22602.42,22150.37,25992.79,29383.15,1106.5
2023-08-23,22953.81,22494.74,26396.88,29839.96,1106.75
2023-08-24,22878.11,22420.55,26309.83,29741.54,1107.0
2023-08-25,22624.21,22171.73,26017.84,29411.47,1107.25
2023-08-28,22880.31,22422.71,26312.36,29744.41,1107.5
2023-08-29,23129.76,22667.17,26599.23,30068.69,1107.75
2023-08-30,23202.2,22738.15,26682.53,30162.86,1108.0
2023-08-31,22895.23,22437.33,26329.52,29763.81,1108.25
2023-09-01,22953.24,22494.18,26396.23,29839.22,1108.5
2023-09-04,22885.61,22427.89,26318.45,29751.29,1108.75
2023-09-05,23103.97,22641.89,26569.57,30035.16,1109.0
2023-09-06,23288.14,22822.38,26781.37,30274.59,1109.25
2023-09-07,23210.05,22745.85,26691.56,30173.07,1109.5
2023-09-08,23041.33,22580.51,26497.53,29953.73,1109.75
2023-09-11,22841.27,22384.44,26267.46,29693.65,1110.0
2023-09-12,22733.16,22278.5,26143.14,29553.11,1110.25
2023-09-13,22761.37,22306.14,26175.57,29589.78,1110.5
2023-09-14,22722.38,22267.94,26130.74,29539.1,1110.75
2023-09-15,22344.7,21897.81,25696.41,29048.11,1111.0
2023-09-18,22665.19,22211.88,26064.97,29464.74,1111.25
2023-09-19,22357.55,21910.4,25711.18,29064.81,1111.5
2023-09-20,22157.68,21714.52,25481.33,28804.98,1111.75
2023-09-21,22089.63,21647.84,25403.08,28716.52,1112.0
2023-09-22,21949.98,21510.98,25242.48,28534.98,1112.25
2023-09-25,21894.18,21456.3,25178.31,28462.44,1112.5
2023-09-26,21912.89,21474.64,25199.83,28486.76,1112.75
2023-09-27,21896.77,21458.84,25181.29,28465.81,1113.0
2023-09-28,21642.3,21209.46,24888.65,28134.99,1113.25
2023-09-29,21542.33,21111.49,24773.68,28005.03,1113.5
2023-10-02,21445.86,21016.95,24662.74,27879.62,1113.75
2023-10-03,21186.76,20763.03,24364.78,27542.79,1114.0
2023-10-04,20879.06,20461.48,24010.92,27142.78,1114.25
2023-10-05,20764.95,20349.65,23879.69,26994.44,1114.5
2023-10-06,20691.94,20278.1,23795.73,26899.52,1114.75
2023-10-09,21257.52,20832.37,24446.14,27634.77,1115.0
2023-10-10,21438.75,21009.98,24654.57,27870.38,1115.25
2023-10-11,21633.47,21200.8,24878.49,28123.51,1115.5
2023-10-12,21559.01,21127.83,24792.86,28026.71,1115.75
2023-10-13,22005.74,21565.63,25306.6,28607.47,1116.0
2023-10-16,22104.29,21662.21,25419.94,28735.58,1116.25
2023-10-17,22221.51,21777.08,25554.73,28887.96,1116.5
2023-10-18,22322.19,21875.74,25670.52,29018.85,1116.75
2023-10-19,22533.89,22083.21,25913.97,29294.05,1117.0
2023-10-20,22603.72,22151.64,25994.27,29384.83,1117.25
2023-10-23,22668.61,22215.24,26068.9,29469.2,1117.5
2023-10-24,22900.83,22442.81,26335.95,29771.08,1117.75
2023-10-25,22895.26,22437.35,26329.55,29763.84,1118.0
2023-10-26,22406.02,21957.9,25766.92,29127.82,1118.25
2023-10-27,22477.91,22028.36,25849.6,29221.29,1118.5
2023-10-30,22023.19,21582.73,25326.67,28630.15,1118.75
2023-10-31,21955.72,21516.61,25249.08,28542.44,1119.0
2023-11-01,22042.24,21601.4,25348.58,28654.91,1119.25
2023-11-02,22123.76,21681.28,25442.32,28760.88,1119.5
2023-11-03,21998.81,21558.83,25298.63,28598.45,1119.75
2023-11-06,21631.66,21199.03,24876.41,28121.16,1120.0
2023-11-07,21388.59,20960.82,24596.88,27805.16,1120.25
2023-11-08,20919.77,20501.37,24057.73,27195.7,1120.5
2023-11-09,20632.39,20219.74,23727.25,26822.1,1120.75
2023-11-10,20465.74,20056.42,23535.6,26605.46,1121.0
2023-11-13,20438.94,20030.16,23504.78,26570.62,1121.25
2023-11-14,20559.84,20148.64,23643.81,26727.79,1121.5
2023-11-15,20482.21,20072.57,23554.55,26626.88,1121.75
2023-11-16,20549.63,20138.63,23632.07,26714.51,1122.0
2023-11-17,20523.92,20113.44,23602.51,26681.1,1122.25
2023-11-20,20957.29,20538.14,24100.88,27244.47,1122.5
2023-11-21,20667.41,20254.06,23767.52,26867.63,1122.75
2023-11-22,21105.96,20683.84,24271.86,27437.75,1123.0
2023-11-23,20944.68,20525.78,24086.38,27228.08,1123.25
2023-11-24,21077.21,20655.67,24238.8,27400.38,1123.5
2023-11-27,20930.0,20511.4,24069.5,27209.01,1123.75
2023-11-28,20802.67,20386.62,23923.07,27043.47,1124.0
2023-11-29,20835.68,20418.97,23961.04,27086.39,1124.25
2023-11-30,20617.49,20205.14,23710.11,26802.73,1124.5
2023-12-01,20597.66,20185.7,23687.31,26776.96,1124.75
2023-12-04,20649.04,20236.06,23746.4,26843.75,1125.0
2023-12-05,20198.37,19794.4,23228.12,26257.88,1125.25
2023-12-06,19955.91,19556.79,22949.3,25942.69,1125.5
2023-12-07,19802.17,19406.12,22772.49,25742.82,1125.75
2023-12-08,20240.0,19835.2,23276.0,26312.0,1126.0
2023-12-11,20067.86,19666.5,23078.04,26088.22,1126.25
2023-12-12,20118.97,19716.59,23136.82,26154.66,1126.5
2023-12-13,20333.87,19927.2,23383.95,26434.04,1126.75
2023-12-14,20229.94,19825.34,23264.43,26298.92,1127.0
2023-12-15,20092.97,19691.11,23106.92,26120.86,1127.25
2023-12-18,20152.11,19749.07,23174.93,26197.74,1127.5
2023-12-19,19985.51,19585.8,22983.34,25981.17,1127.75
2023-12-20,20130.58,19727.96,23150.16,26169.75,1128.0
2023-12-21,20325.66,19919.14,23374.5,26423.35,1128.25
2023-12-22,20370.83,19963.42,23426.46,26482.08,1128.5
2023-12-25,20590.17,20178.37,23678.7,26767.23,1128.75
2023-12-26,20777.65,20362.1,23894.3,27010.94,1129.0
2023-12-27,20600.29,20188.29,23690.34,26780.38,1129.25
2023-12-28,20157.87,19754.72,23181.56,26205.24,1129.5
2023-12-29,19668.88,19275.5,22619.21,25569.54,1129.75
2024-01-01,19796.39,19400.46,22765.85,25735.3,1130.0
2024-01-02,19657.58,19264.43,22606.21,25554.85,1130.25
2024-01-03,19618.5,19226.13,22561.27,25504.04,1130.5
2024-01-04,19831.8,19435.17,22806.57,25781.34,1130.75
2024-01-05,19754.36,19359.27,22717.52,25680.67,1131.0
2024-01-08,19693.56,19299.69,22647.6,25601.63,1131.25
2024-01-09,19630.02,19237.42,22574.52,25519.02,1131.5
2024-01-10,19482.42,19092.77,22404.78,25327.14,1131.75
2024-01-11,19395.22,19007.31,22304.5,25213.78,1132.0
2024-01-12,19639.4,19246.61,22585.31,25531.22,1132.25
2024-01-15,19462.05,19072.81,22381.36,25300.67,1132.5
2024-01-16,19537.69,19146.94,22468.35,25399.0,1132.75
2024-01-17,19695.39,19301.49,22649.7,25604.01,1133.0
2024-01-18,19934.33,19535.65,22924.48,25914.63,1133.25
2024-01-19,20263.96,19858.69,23303.56,26343.15,1133.5
2024-01-22,20228.63,19824.06,23262.93,26297.22,1133.75
2024-01-23,20352.93,19945.87,23405.87,26458.81,1134.0
2024-01-24,20421.86,20013.42,23485.14,26548.42,1134.25
2024-01-25,20708.81,20294.63,23815.13,26921.45,1134.5
2024-01-26,20711.09,20296.87,23817.76,26924.42,1134.75
2024-01-29,21026.91,20606.37,24180.94,27334.98,1135.0
2024-01-30,21211.75,20787.51,24393.51,27575.27,1135.25
2024-01-31,21131.5,20708.87,24301.23,27470.95,1135.5
2024-02-01,20945.28,20526.37,24087.07,27228.86,1135.75
2024-02-02,20865.6,20448.28,23995.44,27125.28,1136.0
2024-02-05,20811.21,20394.98,23932.89,27054.57,1136.25
2024-02-06,20573.0,20161.54,23658.95,26744.9,1136.5
2024-02-07,20594.56,20182.67,23683.74,26772.93,1136.75
2024-02-08,20583.11,20171.44,23670.57,26758.04,1137.0
2024-02-09,20291.71,19885.88,23335.47,26379.23,1137.25
2024-02-12,19987.17,19587.43,22985.25,25983.32,1137.5
2024-02-13,20087.29,19685.54,23100.38,26113.48,1137.75
2024-02-14,20169.58,19766.19,23195.02,26220.46,1138.0
2024-02-15,20072.14,19670.7,23082.96,26093.78,1138.25
2024-02-16,19902.99,19504.93,22888.44,25873.89,1138.5
2024-02-19,20068.36,19666.99,23078.62,26088.87,1138.75
2024-02-20,19899.44,19501.45,22884.36,25869.27,1139.0
2024-02-21,20053.52,19652.45,23061.55,26069.58,1139.25
2024-02-22,20354.93,19947.83,23408.17,26461.41,1139.5
2024-02-23,20548.48,20137.51,23630.75,26713.02,1139.75
2024-02-26,20295.26,19889.36,23339.55,26383.84,1140.0
2024-02-27,20134.54,19731.85,23154.72,26174.9,1140.25
2024-02-28,20043.97,19643.09,23050.57,26057.16,1140.5
2024-02-29,20069.97,19668.57,23080.47,26090.97,1140.75
2024-03-01,20110.5,19708.29,23127.08,26143.66,1141.0
2024-03-04,19911.7,19513.47,22898.46,25885.21,1141.25
2024-03-05,20115.13,19712.83,23132.4,26149.67,1141.5
2024-03-06,20245.91,19840.99,23282.8,26319.68,1141.75
2024-03-07,20226.17,19821.65,23260.09,26294.02,1142.0
2024-03-08,20140.66,19737.85,23161.76,26182.86,1142.25
2024-03-11,20216.24,19811.92,23248.68,26281.12,1142.5
2024-03-12,20174.95,19771.45,23201.19,26227.43,1142.75
2024-03-13,20195.84,19791.92,23225.22,26254.59,1143.0
2024-03-14,20245.24,19840.34,23282.03,26318.82,1143.25
2024-03-15,20085.4,19683.69,23098.21,26111.02,1143.5
2024-03-18,20524.83,20114.33,23603.55,26682.27,1143.75
2024-03-19,20408.4,20000.23,23469.66,26530.92,1144.0
2024-03-20,20295.46,19889.55,23339.78,26384.1,1144.25
2024-03-21,20079.55,19677.96,23091.48,26103.41,1144.5
2024-03-22,20042.79,19641.93,23049.21,26055.63,1144.75
2024-03-25,20349.3,19942.31,23401.69,26454.09,1145.0
2024-03-26,20156.48,19753.35,23179.95,26203.42,1145.25
2024-03-27,20192.76,19788.91,23221.68,26250.59,1145.5
2024-03-28,20403.1,19995.04,23463.57,26524.03,1145.75
2024-03-29,20130.94,19728.33,23150.59,26170.23,1146.0
2024-04-01,20173.59,19770.12,23199.63,26225.67,1146.25
2024-04-02,20254.14,19849.05,23292.26,26330.38,1146.5
2024-04-03,20522.03,20111.58,23600.33,26678.63,1146.75
2024-04-04,20555.81,20144.69,23639.18,26722.55,1147.0
2024-04-05,20642.62,20229.76,23739.01,26835.4,1147.25
2024-04-08,20319.68,19913.29,23367.64,26415.59,1147.5
2024-04-09,20476.68,20067.15,23548.19,26619.69,1147.75
2024-04-10,20819.26,20402.87,23942.15,27065.04,1148.0
2024-04-11,21041.97,20621.13,24198.26,27354.56,1148.25
2024-04-12,20991.16,20571.34,24139.84,27288.51,1148.5
2024-04-15,20971.46,20552.03,24117.18,27262.9,1148.75
2024-04-16,20979.03,20559.45,24125.89,27272.75,1149.0
2024-04-17,21405.11,20977.01,24615.88,27826.64,1149.25
2024-04-18,21737.64,21302.89,24998.29,28258.94,1149.5
2024-04-19,21580.45,21148.84,24817.52,28054.59,1149.75
2024-04-22,21401.68,20973.65,24611.94,27822.19,1150.0
2024-04-23,21659.99,21226.79,24908.99,28157.98,1150.25
2024-04-24,21621.27,21188.84,24864.46,28107.65,1150.5
2024-04-25,21726.93,21292.39,24985.97,28245.01,1150.75
2024-04-26,21812.68,21376.42,25084.58,28356.48,1151.0
2024-04-29,22141.85,21699.02,25463.13,28784.41,1151.25
2024-04-30,21917.15,21478.81,25204.72,28492.3,1151.5
2024-05-01,22020.06,21579.66,25323.07,28626.08,1151.75
2024-05-02,22353.24,21906.17,25706.22,29059.21,1152.0
2024-05-03,22871.71,22414.28,26302.47,29733.23,1152.25
2024-05-06,23009.23,22549.05,26460.62,29912.0,1152.5
2024-05-07,22846.88,22389.95,26273.92,29700.95,1152.75
2024-05-08,22832.71,22376.06,26257.62,29682.53,1153.0
2024-05-09,22767.32,22311.97,26182.41,29597.51,1153.25
2024-05-10,23033.16,22572.49,26488.13,29943.1,1153.5
2024-05-13,23172.84,22709.38,26648.77,30124.69,1153.75
2024-05-14,23366.35,22899.03,26871.31,30376.26,1154.0
2024-05-15,23405.53,22937.42,26916.36,30427.18,1154.25
2024-05-16,23495.62,23025.71,27019.96,30544.3,1154.5
2024-05-17,23481.92,23012.29,27004.21,30526.5,1154.75
2024-05-20,23464.86,22995.56,26984.59,30504.32,1155.0
2024-05-21,23106.98,22644.84,26573.03,30039.08,1155.25
2024-05-22,23139.06,22676.28,26609.92,30080.78,1155.5
2024-05-23,23339.56,22872.77,26840.5,30341.43,1155.75
2024-05-24,23503.67,23033.6,27029.23,30554.78,1156.0
2024-05-27,23565.26,23093.95,27100.05,30634.84,1156.25
2024-05-28,23575.34,23103.83,27111.64,30647.94,1156.5
2024-05-29,23452.15,22983.11,26969.97,30487.79,1156.75
2024-05-30,23398.08,22930.12,26907.79,30417.5,1157.0
2024-05-31,23677.11,23203.57,27228.68,30780.25,1157.25
2024-06-03,23831.07,23354.45,27405.73,30980.39,1157.5
2024-06-04,23837.22,23360.47,27412.8,30988.38,1157.75
2024-06-05,24082.68,23601.03,27695.08,31307.49,1158.0
2024-06-06,24459.14,23969.96,28128.01,31796.88,1158.25
2024-06-07,24632.1,24139.46,28326.92,32021.73,1158.5
2024-06-10,24798.58,24302.61,28518.37,32238.16,1158.75
2024-06-11,24631.44,24138.82,28326.16,32020.88,1159.0
2024-06-12,24826.82,24330.28,28550.84,32274.86,1159.25
2024-06-13,24839.55,24342.76,28565.48,32291.42,1159.5
2024-06-14,24825.6,24329.09,28549.44,32273.28,1159.75
2024-06-17,25071.31,24569.88,28832.01,32592.7,1160.0
2024-06-18,25025.82,24525.3,28779.69,32533.56,1160.25
2024-06-19,24803.41,24307.34,28523.92,32244.44,1160.5
2024-06-20,25097.12,24595.18,28861.69,32626.26,1160.75
2024-06-21,25163.71,24660.44,28938.27,32712.82,1161.0
2024-06-24,24997.62,24497.67,28747.27,32496.91,1161.25
2024-06-25,25018.27,24517.9,28771.01,32523.74,1161.5
2024-06-26,25122.38,24619.93,28890.74,32659.1,1161.75
2024-06-27,24920.89,24422.47,28659.02,32397.15,1162.0
2024-06-28,24876.03,24378.51,28607.44,32338.84,1162.25
2024-07-01,24879.75,24382.15,28611.71,32343.67,1162.5
2024-07-02,24394.77,23906.87,28053.98,31713.2,1162.75
2024-07-03,24826.27,24329.74,28550.21,32274.15,1163.0
2024-07-04,25246.48,24741.55,29033.45,32820.42,1163.25
2024-07-05,25293.16,24787.3,29087.14,32881.11,1163.5
2024-07-08,25366.56,24859.23,29171.55,32976.53,1163.75
2024-07-09,25447.28,24938.33,29264.37,33081.46,1164.0
2024-07-10,25226.12,24721.6,29010.04,32793.96,1164.25
2024-07-11,25372.25,24864.8,29178.08,32983.92,1164.5
2024-07-12,25181.89,24678.25,28959.17,32736.45,1164.75
2024-07-15,24722.35,24227.9,28430.7,32139.06,1165.0
2024-07-16,24717.66,24223.31,28425.31,32132.96,1165.25
2024-07-17,24688.24,24194.48,28391.48,32094.71,1165.5
2024-07-18,25108.08,24605.92,28874.29,32640.5,1165.75
2024-07-19,24953.47,24454.4,28696.49,32439.51,1166.0
2024-07-22,24910.67,24412.46,28647.28,32383.88,1166.25
2024-07-23,24833.35,24336.68,28558.35,32283.36,1166.5
2024-07-24,24698.51,24204.54,28403.28,32108.06,1166.75
2024-07-25,24494.92,24005.02,28169.15,31843.39,1167.0
2024-07-26,24336.35,23849.62,27986.8,31637.25,1167.25
2024-07-29,24405.51,23917.4,28066.34,31727.17,1167.5
2024-07-30,24212.93,23728.67,27844.86,31476.8,1167.75
2024-07-31,24775.17,24279.67,28491.45,32207.72,1168.0
2024-08-01,24748.03,24253.07,28460.23,32172.44,1168.25
2024-08-02,25354.79,24847.7,29158.01,32961.23,1168.5
2024-08-05,25214.75,24710.46,28996.97,32779.18,1168.75
2024-08-06,24777.98,24282.42,28494.68,32211.37,1169.0
2024-08-07,24913.93,24415.65,28651.02,32388.11,1169.25
2024-08-08,24767.69,24272.34,28482.84,32198.0,1169.5
2024-08-09,24565.7,24074.38,28250.55,31935.41,1169.75
2024-08-12,24166.1,23682.78,27791.01,31415.93,1170.0
2024-08-13,24100.01,23618.01,27715.02,31330.02,1170.25
2024-08-14,24422.7,23934.24,28086.1,31749.51,1170.5
2024-08-15,24475.43,23985.92,28146.74,31818.06,1170.75
2024-08-16,24456.06,23966.94,28124.47,31792.88,1171.0
2024-08-19,24393.89,23906.01,28052.97,31712.06,1171.25
2024-08-20,24756.59,24261.46,28470.07,32183.56,1171.5
2024-08-21,24714.59,24220.3,28421.78,32128.96,1171.75
2024-08-22,24493.84,24003.96,28167.91,31841.99,1172.0
2024-08-23,24444.13,23955.25,28110.75,31777.37,1172.25
2024-08-26,24485.61,23995.9,28158.45,31831.29,1172.5
2024-08-27,24368.41,23881.04,28023.67,31678.94,1172.75
2024-08-28,23840.0,23363.2,27416.0,30992.0,1173.0
2024-08-29,23777.69,23302.14,27344.35,30911.0,1173.25
2024-08-30,23942.53,23463.67,27533.9,31125.28,1173.5
2024-09-02,23825.73,23349.22,27399.59,30973.45,1173.75
2024-09-03,23711.25,23237.03,27267.94,30824.63,1174.0
2024-09-04,23926.32,23447.79,27515.26,31104.21,1174.25
2024-09-05,24115.77,23633.45,27733.13,31350.5,1174.5
2024-09-06,24047.53,23566.58,27654.67,31261.8,1174.75
2024-09-09,23943.23,23464.37,27534.72,31126.2,1175.0
2024-09-10,23586.26,23114.54,27124.2,30662.14,1175.25
2024-09-11,23642.87,23170.01,27189.3,30735.73,1175.5
2024-09-12,23568.7,23097.33,27104.01,30639.31,1175.75
2024-09-13,24008.83,23528.66,27610.16,31211.48,1176.0
2024-09-16,24170.85,23687.44,27796.48,31422.11,1176.25
2024-09-17,24457.26,23968.11,28125.85,31794.43,1176.5
2024-09-18,24238.53,23753.76,27874.31,31510.09,1176.75
2024-09-19,24341.49,23854.66,27992.72,31643.94,1177.0
2024-09-20,24362.53,23875.27,28016.9,31671.28,1177.25
2024-09-23,24243.25,23758.39,27879.74,31516.23,1177.5
2024-09-24,24157.83,23674.67,27781.5,31405.18,1177.75
2024-09-25,23681.72,23208.09,27233.98,30786.24,1178.0
2024-09-26,23976.85,23497.31,27573.37,31169.9,1178.25
2024-09-27,23581.08,23109.46,27118.24,30655.4,1178.5
2024-09-30,23613.42,23141.15,27155.43,30697.45,1178.75
2024-10-01,23773.46,23298.0,27339.48,30905.5,1179.0
2024-10-02,24080.37,23598.76,27692.42,31304.48,1179.25
2024-10-03,24488.59,23998.82,28161.88,31835.17,1179.5
2024-10-04,24657.87,24164.71,28356.55,32055.23,1179.75
2024-10-07,24751.39,24256.36,28464.09,32176.8,1180.0
2024-10-08,25147.08,24644.14,28919.14,32691.2,1180.25
2024-10-09,25054.43,24553.34,28812.59,32570.75,1180.5
2024-10-10,24907.71,24409.55,28643.86,32380.02,1180.75
2024-10-11,24931.55,24432.92,28671.28,32411.01,1181.0
2024-10-14,24737.84,24243.09,28448.52,32159.2,1181.25
2024-10-15,24558.7,24067.52,28242.5,31926.31,1181.5
2024-10-16,24678.92,24185.34,28380.76,32082.59,1181.75
2024-10-17,24674.12,24180.64,28375.24,32076.36,1182.0
2024-10-18,24535.07,24044.37,28215.33,31895.59,1182.25
2024-10-21,24565.2,24073.89,28249.97,31934.75,1182.5
2024-10-22,24670.02,24176.62,28370.53,32071.03,1182.75
2024-10-23,24549.03,24058.05,28231.38,31913.74,1183.0
2024-10-24,24695.19,24201.28,28399.46,32103.74,1183.25
2024-10-25,24676.67,24183.14,28378.17,32079.67,1183.5
2024-10-28,24873.09,24375.63,28604.06,32335.02,1183.75
2024-10-29,24937.53,24438.78,28678.16,32418.79,1184.0
2024-10-30,24476.3,23986.78,28147.75,31819.2,1184.25
2024-10-31,24633.91,24141.23,28329.0,32024.09,1184.5
2024-11-01,24797.56,24301.61,28517.2,32236.83,1184.75
2024-11-04,24522.83,24032.37,28201.25,31879.68,1185.0
2024-11-05,24431.1,23942.48,28095.76,31760.43,1185.25
2024-11-06,24330.12,23843.51,27979.63,31629.15,1185.5
2024-11-07,24170.38,23686.97,27795.94,31421.5,1185.75
2024-11-08,23845.26,23368.35,27422.04,30998.83,1186.0
2024-11-11,24028.29,23547.72,27632.53,31236.77,1186.25
2024-11-12,24160.35,23677.14,27784.4,31408.45,1186.5
2024-11-13,24384.1,23896.42,28041.72,31699.33,1186.75
2024-11-14,24358.61,23871.43,28012.4,31666.19,1187.0
2024-11-15,24652.66,24159.61,28350.56,32048.46,1187.25
2024-11-18,24297.76,23811.8,27942.42,31587.09,1187.5
2024-11-19,24407.86,23919.7,28069.04,31730.22,1187.75
2024-11-20,24659.15,24165.97,28358.03,32056.9,1188.0
2024-11-21,24441.54,23952.71,28107.77,31774.0,1188.25
2024-11-22,24346.42,23859.49,27998.38,31650.35,1188.5
2024-11-25,24029.07,23548.49,27633.43,31237.8,1188.75
2024-11-26,24222.95,23738.5,27856.4,31489.84,1189.0
2024-11-27,24019.86,23539.46,27622.84,31225.82,1189.25
2024-11-28,24030.09,23549.48,27634.6,31239.11,1189.5
2024-11-29,23931.5,23452.87,27521.23,31110.95,1189.75
2024-12-02,23716.05,23241.73,27273.46,30830.87,1190.0
2024-12-03,23651.5,23178.47,27199.23,30746.96,1190.25
2024-12-04,23735.95,23261.23,27296.35,30856.74,1190.5
2024-12-05,23768.76,23293.38,27334.07,30899.38,1190.75
2024-12-06,23466.86,22997.52,26986.89,30506.92,1191.0
2024-12-09,23567.42,23096.07,27102.53,30637.64,1191.25
2024-12-10,23657.14,23183.99,27205.71,30754.28,1191.5
2024-12-11,23919.85,23441.45,27507.82,31095.8,1191.75
2024-12-12,23663.58,23190.31,27213.12,30762.65,1192.0
2024-12-13,23921.36,23442.94,27509.57,31097.77,1192.25
2024-12-16,23739.96,23265.16,27300.95,30861.95,1192.5
2024-12-17,23409.13,22940.95,26920.5,30431.87,1192.75
2024-12-18,23557.28,23086.14,27090.88,30624.47,1193.0
2024-12-19,23711.9,23237.66,27268.69,30825.47,1193.25
2024-12-20,23928.95,23450.37,27518.3,31107.64,1193.5
2024-12-23,23744.27,23269.39,27305.91,30867.55,1193.75
2024-12-24,23566.54,23095.21,27101.52,30636.5,1194.0
2024-12-25,23445.31,22976.4,26962.11,30478.9,1194.25
2024-12-26,23420.64,22952.23,26933.74,30446.83,1194.5
2024-12-27,23627.61,23155.06,27171.75,30715.89,1194.75
2024-12-30,23393.13,22925.27,26902.1,30411.07,1195.0
2024-12-31,23490.32,23020.51,27013.86,30537.41,1195.25
2025-01-01,23566.19,23094.87,27101.12,30636.05,1195.5
2025-01-02,23468.6,22999.23,26988.89,30509.18,1195.75
2025-01-03,23658.02,23184.86,27206.73,30755.43,1196.0
2025-01-06,23951.09,23472.07,27543.76,31136.42,1196.25
2025-01-07,24225.96,23741.44,27859.85,31493.75,1196.5
2025-01-08,24196.37,23712.45,27825.83,31455.29,1196.75
2025-01-09,24324.98,23838.48,27973.73,31622.47,1197.0
2025-01-10,24269.2,23783.81,27909.58,31549.96,1197.25
2025-01-13,24204.29,23720.21,27834.94,31465.58,1197.5
2025-01-14,24155.46,23672.35,27778.77,31402.09,1197.75
2025-01-15,23905.87,23427.76,27491.76,31077.64,1198.0
2025-01-16,23633.83,23161.16,27178.91,30723.98,1198.25
2025-01-17,23417.1,22948.76,26929.67,30442.23,1198.5
2025-01-20,23528.44,23057.87,27057.71,30586.98,1198.75
2025-01-21,23737.18,23262.44,27297.76,30858.34,1199.0
2025-01-22,23371.11,22903.69,26876.78,30382.45,1199.25
2025-01-23,23205.96,22741.84,26686.85,30167.75,1199.5
2025-01-24,22854.95,22397.85,26283.2,29711.44,1199.75
2025-01-27,22828.27,22371.71,26252.51,29676.75,1200.0
2025-01-28,22857.3,22400.15,26285.89,29714.49,1200.25
2025-01-29,22848.61,22391.64,26275.9,29703.19,1200.5
2025-01-30,23199.75,22735.75,26679.71,30159.67,1200.75
2025-01-31,22925.22,22466.72,26364.01,29802.79,1201.0
2025-02-03,22605.02,22152.92,25995.78,29386.53,1201.25
2025-02-04,22424.81,21976.32,25788.53,29152.26,1201.5
2025-02-05,22344.8,21897.91,25696.52,29048.24,1201.75
2025-02-06,22661.93,22208.69,26061.22,29460.51,1202.0
2025-02-07,22799.02,22343.04,26218.87,29638.73,1202.25
2025-02-10,22775.54,22320.03,26191.87,29608.2,1202.5
2025-02-11,23031.55,22570.92,26486.28,29941.02,1202.75
2025-02-12,23006.57,22546.44,26457.55,29908.54,1203.0
2025-02-13,22908.36,22450.19,26344.61,29780.87,1203.25
2025-02-14,22953.15,22494.09,26396.13,29839.1,1203.5
2025-02-17,22683.55,22229.88,26086.08,29488.61,1203.75
2025-02-18,22486.03,22036.31,25858.93,29231.84,1204.0
2025-02-19,22852.4,22395.35,26280.26,29708.12,1204.25
2025-02-20,22972.27,22512.83,26418.11,29863.95,1204.5
2025-02-21,23140.45,22677.64,26611.52,30082.58,1204.75
2025-02-24,23056.66,22595.53,26515.16,29973.66,1205.0
2025-02-25,23025.46,22564.95,26479.28,29933.1,1205.25
2025-02-26,23362.57,22895.32,26866.96,30371.34,1205.5
2025-02-27,23161.5,22698.27,26635.73,30109.95,1205.75
2025-02-28,23227.04,22762.5,26711.09,30195.15,1206.0
2025-03-03,23483.27,23013.6,27005.76,30528.25,1206.25
2025-03-04,23261.33,22796.11,26750.53,30239.73,1206.5
2025-03-05,23083.61,22621.94,26546.15,30008.69,1206.75
2025-03-06,22926.78,22468.24,26365.79,29804.81,1207.0
2025-03-07,22927.55,22469.0,26366.68,29805.82,1207.25
2025-03-10,22902.88,22444.82,26338.31,29773.75,1207.5
2025-03-11,22760.0,22304.8,26174.0,29588.0,1207.75
2025-03-12,22817.94,22361.58,26240.63,29663.32,1208.0
2025-03-13,22741.69,22286.85,26152.94,29564.19,1208.25
2025-03-14,22681.66,22228.03,26083.91,29486.16,1208.5
2025-03-17,22945.71,22486.8,26387.57,29829.43,1208.75
2025-03-18,22988.51,22528.74,26436.79,29885.06,1209.0
2025-03-19,23121.72,22659.28,26589.98,30058.23,1209.25
2025-03-20,23171.14,22707.72,26646.82,30122.49,1209.5
2025-03-21,23027.42,22566.87,26481.53,29935.65,1209.75
2025-03-24,23029.93,22569.33,26484.41,29938.9,1210.0
2025-03-25,22870.97,22413.55,26301.62,29732.27,1210.25
2025-03-26,22887.2,22429.46,26320.28,29753.36,1210.5
2025-03-27,23130.0,22667.4,26599.5,30069.0,1210.75
2025-03-28,22854.99,22397.89,26283.24,29711.49,1211.0
2025-03-31,22721.14,22266.72,26129.31,29537.48,1211.25
2025-04-01,22909.98,22451.79,26346.48,29782.98,1211.5
2025-04-02,22849.11,22392.12,26276.47,29703.84,1211.75
2025-04-03,22634.59,22181.9,26029.78,29424.97,1212.0
2025-04-04,22321.26,21874.84,25669.45,29017.64,1212.25
2025-04-07,22239.22,21794.44,25575.11,28910.99,1212.5
2025-04-08,22266.33,21821.0,25606.28,28946.23,1212.75
2025-04-09,22445.57,21996.66,25812.41,29179.24,1213.0
2025-04-10,22691.06,22237.24,26094.72,29498.38,1213.25
2025-04-11,22625.57,22173.06,26019.4,29413.24,1213.5
2025-04-14,22733.91,22279.23,26143.99,29554.08,1213.75
2025-04-15,22811.86,22355.62,26233.64,29655.42,1214.0
2025-04-16,22818.26,22361.89,26241.0,29663.74,1214.25
2025-04-17,23166.83,22703.49,26641.85,30116.87,1214.5
2025-04-18,22444.24,21995.36,25810.88,29177.51,1214.75
2025-04-21,22020.83,21580.41,25323.95,28627.07,1215.0
2025-04-22,21957.54,21518.39,25251.17,28544.8,1215.25
2025-04-23,22056.74,21615.61,25365.25,28673.77,1215.5
2025-04-24,22473.31,22023.85,25844.31,29215.31,1215.75
2025-04-25,22475.48,22025.97,25846.8,29218.13,1216.0
2025-04-28,22577.89,22126.33,25964.57,29351.26,1216.25
2025-04-29,22582.46,22130.81,25969.83,29357.2,1216.5
2025-04-30,22789.85,22334.06,26208.33,29626.81,1216.75
2025-05-01,22636.06,22183.34,26031.47,29426.88,1217.0
2025-05-02,22629.08,22176.5,26023.44,29417.8,1217.25
2025-05-05,22361.32,21914.1,25715.52,29069.72,1217.5
2025-05-06,22237.03,21792.29,25572.58,28908.14,1217.75
2025-05-07,22006.57,21566.44,25307.56,28608.55,1218.0
2025-05-08,21884.49,21446.81,25167.17,28449.84,1218.25
2025-05-09,21841.88,21405.04,25118.16,28394.44,1218.5
2025-05-12,21908.32,21470.15,25194.56,28480.81,1218.75
2025-05-13,22349.07,21902.09,25701.44,29053.8,1219.0
2025-05-14,22588.49,22136.72,25976.76,29365.04,1219.25
2025-05-15,22705.6,22251.49,26111.44,29517.28,1219.5
2025-05-16,22277.53,21831.98,25619.16,28960.79,1219.75
2025-05-19,22069.82,21628.42,25380.29,28690.77,1220.0
2025-05-20,22094.15,21652.27,25408.27,28722.4,1220.25
2025-05-21,22372.12,21924.67,25727.93,29083.75,1220.5
2025-05-22,22330.92,21884.3,25680.56,29030.2,1220.75
2025-05-23,22447.25,21998.3,25814.33,29181.42,1221.0
2025-05-26,22164.26,21720.97,25488.89,28813.53,1221.25
2025-05-27,21977.05,21537.51,25273.61,28570.17,1221.5
2025-05-28,21928.13,21489.57,25217.35,28506.57,1221.75
2025-05-29,21491.54,21061.71,24715.27,27939.01,1222.0
2025-05-30,21629.5,21196.91,24873.92,28118.34,1222.25
2025-06-02,21843.13,21406.26,25119.6,28396.07,1222.5
2025-06-03,22009.47,21569.28,25310.9,28612.32,1222.75
2025-06-04,21658.96,21225.78,24907.8,28156.64,1223.0
2025-06-05,21641.06,21208.24,24887.22,28133.37,1223.25
2025-06-06,21464.46,21035.17,24684.13,27903.79,1223.5
2025-06-09,21334.57,20907.88,24534.76,27734.95,1223.75
2025-06-10,20768.84,20353.46,23884.17,26999.49,1224.0
2025-06-11,20921.83,20503.4,24060.11,27198.38,1224.25
2025-06-12,21180.17,20756.56,24357.19,27534.22,1224.5
2025-06-13,20664.77,20251.47,23764.48,26864.2,1224.75
2025-06-16,20434.55,20025.85,23499.73,26564.91,1225.0
2025-06-17,20514.98,20104.68,23592.23,26669.48,1225.25
2025-06-18,20495.66,20085.74,23570.01,26644.35,1225.5
2025-06-19,20497.17,20087.23,23571.74,26646.32,1225.75
2025-06-20,20392.31,19984.47,23451.16,26510.01,1226.0
2025-06-23,20521.37,20110.94,23599.57,26677.78,1226.25
2025-06-24,20268.41,19863.04,23308.67,26348.93,1226.5
2025-06-25,20423.04,20014.58,23486.5,26549.95,1226.75
2025-06-26,20429.6,20021.01,23494.04,26558.48,1227.0
2025-06-27,20415.73,20007.41,23478.09,26540.44,1227.25
2025-06-30,20774.76,20359.26,23890.97,27007.19,1227.5
2025-07-01,20797.95,20381.99,23917.65,27037.34,1227.75
2025-07-02,20809.58,20393.39,23931.01,27052.45,1228.0
2025-07-03,20714.97,20300.67,23822.21,26929.46,1228.25
2025-07-04,20640.16,20227.36,23736.19,26832.21,1228.5
2025-07-07,20967.02,20547.68,24112.08,27257.13,1228.75
2025-07-08,21258.88,20833.7,24447.71,27636.54,1229.0
2025-07-09,21228.81,20804.24,24413.13,27597.46,1229.25
2025-07-10,21689.87,21256.07,24943.35,28196.83,1229.5
2025-07-11,21584.26,21152.58,24821.9,28059.54,1229.75
2025-07-14,21704.74,21270.65,24960.45,28216.16,1230.0
2025-07-15,21797.15,21361.21,25066.72,28336.29,1230.25
2025-07-16,21658.36,21225.19,24907.11,28155.86,1230.5
2025-07-17,21753.18,21318.12,25016.16,28279.14,1230.75
2025-07-18,21596.79,21164.85,24836.31,28075.83,1231.0
2025-07-21,21879.56,21441.97,25161.5,28443.43,1231.25
2025-07-22,21946.12,21507.2,25238.04,28529.96,1231.5
2025-07-23,21920.57,21482.16,25208.66,28496.74,1231.75
2025-07-24,21883.32,21445.65,25165.82,28448.32,1232.0
2025-07-25,21981.24,21541.62,25278.43,28575.61,1232.25
2025-07-28,21521.66,21091.23,24749.91,27978.16,1232.5
2025-07-29,21688.72,21254.94,24942.02,28195.33,1232.75
2025-07-30,21633.58,21200.91,24878.62,28123.66,1233.0
2025-07-31,21432.81,21004.15,24647.73,27862.65,1233.25
2025-08-01,21300.39,20874.38,24495.45,27690.51,1233.5
2025-08-04,21378.92,20951.34,24585.76,27792.6,1233.75
2025-08-05,21240.12,20815.32,24426.14,27612.16,1234.0
2025-08-06,21167.71,20744.35,24342.86,27518.02,1234.25
2025-08-07,21541.79,21110.96,24773.06,28004.33,1234.5
2025-08-08,21365.97,20938.65,24570.86,27775.76,1234.75
2025-08-11,21025.21,20604.7,24178.99,27332.77,1235.0
2025-08-12,20946.4,20527.47,24088.36,27230.32,1235.25
2025-08-13,20773.05,20357.59,23889.01,27004.97,1235.5
2025-08-14,21022.16,20601.71,24175.48,27328.81,1235.75
2025-08-15,20858.25,20441.09,23986.99,27115.73,1236.0
2025-08-18,20612.98,20200.72,23704.93,26796.88,1236.25
2025-08-19,20822.13,20405.68,23945.45,27068.77,1236.5
2025-08-20,20727.78,20313.22,23836.94,26946.11,1236.75
2025-08-21,21032.97,20612.31,24187.92,27342.86,1237.0
2025-08-22,20927.9,20509.34,24067.08,27206.27,1237.25
2025-08-25,20549.54,20138.55,23631.97,26714.4,1237.5
2025-08-26,20311.95,19905.71,23358.75,26405.54,1237.75
2025-08-27,19799.08,19403.1,22768.94,25738.81,1238.0
2025-08-28,19268.15,18882.79,22158.37,25048.6,1238.25
2025-08-29,19272.9,18887.45,22163.84,25054.78,1238.5
2025-09-01,19409.03,19020.85,22320.38,25231.74,1238.75
2025-09-02,19642.75,19249.9,22589.16,25535.58,1239.0
2025-09-03,19687.5,19293.75,22640.62,25593.75,1239.25
2025-09-04,19880.2,19482.59,22862.23,25844.26,1239.5
2025-09-05,19782.62,19386.97,22750.02,25717.41,1239.75
2025-09-08,19889.27,19491.49,22872.66,25856.06,1240.0
2025-09-09,19515.6,19125.29,22442.94,25370.28,1240.25
2025-09-10,19434.53,19045.84,22349.71,25264.89,1240.5
2025-09-11,19671.02,19277.6,22621.68,25572.33,1240.75
2025-09-12,19568.28,19176.91,22503.52,25438.76,1241.0
2025-09-15,19532.52,19141.87,22462.4,25392.28,1241.25
2025-09-16,19781.9,19386.26,22749.19,25716.47,1241.5
2025-09-17,19859.82,19462.62,22838.79,25817.76,1241.75
2025-09-18,19566.55,19175.22,22501.53,25436.51,1242.0
2025-09-19,19778.04,19382.48,22744.74,25711.45,1242.25
2025-09-22,20028.94,19628.36,23033.28,26037.62,1242.5
2025-09-23,19837.31,19440.57,22812.91,25788.51,1242.75
2025-09-24,20105.06,19702.96,23120.82,26136.58,1243.0
2025-09-25,20157.51,19754.36,23181.13,26204.76,1243.25
2025-09-26,20181.27,19777.65,23208.46,26235.65,1243.5
2025-09-29,19877.64,19480.09,22859.29,25840.93,1243.75
2025-09-30,20065.2,19663.9,23074.98,26084.76,1244.0
2025-10-01,20197.29,19793.34,23226.88,26256.47,1244.25
2025-10-02,20365.33,19958.02,23420.13,26474.93,1244.5
2025-10-03,20496.88,20086.94,23571.41,26645.94,1244.75
2025-10-06,20542.47,20131.62,23623.85,26705.22,1245.0
2025-10-07,20434.29,20025.61,23499.44,26564.58,1245.25
2025-10-08,20672.56,20259.11,23773.44,26874.33,1245.5
2025-10-09,20273.46,19867.99,23314.48,26355.5,1245.75
2025-10-10,20551.38,20140.35,23634.09,26716.8,1246.0
2025-10-13,20599.5,20187.51,23689.43,26779.35,1246.25
2025-10-14,20362.04,19954.8,23416.35,26470.65,1246.5
2025-10-15,20215.13,19810.82,23247.4,26279.67,1246.75
2025-10-16,20134.52,19731.83,23154.7,26174.88,1247.0
2025-10-17,20439.8,20031.0,23505.77,26571.74,1247.25
2025-10-20,20405.24,19997.13,23466.02,26526.81,1247.5
2025-10-21,20543.47,20132.6,23624.99,26706.51,1247.75
2025-10-22,20855.42,20438.31,23983.74,27112.05,1248.0
2025-10-23,20967.49,20548.14,24112.61,27257.73,1248.25
2025-10-24,20857.34,20440.2,23985.95,27114.55,1248.5
2025-10-27,20826.58,20410.05,23950.57,27074.55,1248.75
2025-10-28,20623.48,20211.01,23717.01,26810.53,1249.0
2025-10-29,20566.48,20155.15,23651.45,26736.42,1249.25
2025-10-30,20322.44,19915.99,23370.81,26419.17,1249.5
2025-10-31,20118.36,19716.0,23136.12,26153.87,1249.75
2025-11-03,20222.75,19818.3,23256.16,26289.58,1250.0
2025-11-04,20068.49,19667.12,23078.76,26089.03,1250.25
2025-11-05,20076.49,19674.96,23087.97,26099.44,1250.5
2025-11-06,19838.21,19441.44,22813.94,25789.67,1250.75
2025-11-07,20088.39,19686.62,23101.65,26114.91,1251.0
2025-11-10,20120.22,19717.81,23138.25,26156.28,1251.25
2025-11-11,20389.88,19982.09,23448.37,26506.85,1251.5
2025-11-12,20363.5,19956.23,23418.02,26472.55,1251.75
2025-11-13,20191.34,19787.52,23220.04,26248.74,1252.0
2025-11-14,20072.44,19670.99,23083.3,26094.17,1252.25
2025-11-17,20032.51,19631.86,23037.38,26042.26,1252.5
2025-11-18,20102.66,19700.6,23118.06,26133.45,1252.75
2025-11-19,20034.77,19634.07,23039.98,26045.2,1253.0
2025-11-20,20089.11,19687.33,23102.48,26115.85,1253.25
2025-11-21,19963.4,19564.14,22957.91,25952.42,1253.5
2025-11-24,19895.87,19497.95,22880.25,25864.63,1253.75
2025-11-25,20190.23,19786.42,23218.76,26247.3,1254.0
2025-11-26,20093.99,19692.11,23108.09,26122.19,1254.25
2025-11-27,19888.22,19490.46,22871.45,25854.69,1254.5
2025-11-28,20047.61,19646.66,23054.75,26061.89,1254.75
2025-12-01,19512.33,19122.08,22439.18,25366.03,1255.0
2025-12-02,19834.68,19437.99,22809.88,25785.08,1255.25
2025-12-03,19810.54,19414.33,22782.12,25753.7,1255.5
2025-12-04,19836.76,19440.02,22812.27,25787.79,1255.75
2025-12-05,19685.66,19291.95,22638.51,25591.36,1256.0
2025-12-08,19822.57,19426.12,22795.96,25769.34,1256.25
2025-12-09,19690.77,19296.95,22644.38,25598.0,1256.5
2025-12-10,19753.86,19358.78,22716.94,25680.02,1256.75
2025-12-11,19933.38,19534.71,22923.39,25913.39,1257.0
2025-12-12,20147.39,19744.44,23169.49,26191.6,1257.25
2025-12-15,20256.72,19851.58,23295.23,26333.73,1257.5
2025-12-16,20205.71,19801.6,23236.57,26267.42,1257.75
2025-12-17,20698.64,20284.66,23803.43,26908.23,1258.0
2025-12-18,20576.69,20165.15,23663.19,26749.69,1258.25
2025-12-19,20611.09,20198.87,23702.75,26794.41,1258.5
2025-12-22,20262.0,19856.76,23301.3,26340.6,1258.75
2025-12-23,20202.21,19798.17,23232.55,26262.88,1259.0
2025-12-24,20130.53,19727.92,23150.11,26169.69,1259.25
2025-12-25,20085.72,19684.0,23098.57,26111.43,1259.5
2025-12-26,19983.62,19583.95,22981.16,25978.7,1259.75
2025-12-29,20024.04,19623.56,23027.64,26031.25,1260.0
2025-12-30,20288.58,19882.81,23331.87,26375.16,1260.25
2025-12-31,19916.47,19518.14,22903.94,25891.42,1260.5
2026-01-01,20307.32,19901.18,23353.42,26399.52,1260.75
2026-01-02,20408.97,20000.79,23470.32,26531.66,1261.0
2026-01-05,20468.32,20058.96,23538.57,26608.82,1261.25
2026-01-06,20309.2,19903.02,23355.58,26401.97,1261.5
2026-01-07,20447.5,20038.55,23514.62,26581.75,1261.75
2026-01-08,20395.82,19987.91,23455.2,26514.57,1262.0
2026-01-09,20608.94,20196.76,23700.28,26791.62,1262.25
2026-01-12,20854.46,20437.37,23982.63,27110.79,1262.5
2026-01-13,20790.18,20374.37,23908.71,27027.23,1262.75
2026-01-14,20620.23,20207.83,23713.27,26806.3,1263.0
2026-01-15,20459.55,20050.35,23528.48,26597.41,1263.25
2026-01-16,20425.97,20017.45,23489.87,26553.77,1263.5
2026-01-19,20605.41,20193.31,23696.23,26787.04,1263.75
2026-01-20,20591.32,20179.5,23680.02,26768.72,1264.0
2026-01-21,20254.08,19849.0,23292.19,26330.3,1264.25
2026-01-22,19943.44,19544.57,22934.96,25926.47,1264.5
2026-01-23,19944.76,19545.86,22936.47,25928.18,1264.75
2026-01-26,20071.13,19669.71,23081.8,26092.47,1265.0
2026-01-27,19949.15,19550.17,22941.52,25933.89,1265.25
2026-01-28,19679.96,19286.36,22631.95,25583.95,1265.5
2026-01-29,19870.97,19473.55,22851.62,25832.26,1265.75
2026-01-30,19455.76,19066.65,22374.13,25292.49,1266.0
2026-02-02,19678.12,19284.56,22629.84,25581.56,1266.25
2026-02-03,19928.52,19529.95,22917.8,25907.08,1266.5
2026-02-04,20172.05,19768.61,23197.85,26223.66,1266.75
2026-02-05,20297.79,19891.84,23342.46,26387.13,1267.0
2026-02-06,20431.23,20022.61,23495.92,26560.6,1267.25
2026-02-09,20621.94,20209.5,23715.23,26808.52,1267.5
2026-02-10,20750.47,20335.46,23863.04,26975.61,1267.75
2026-02-11,20517.93,20107.57,23595.62,26673.31,1268.0
2026-02-12,20535.08,20124.38,23615.34,26695.6,1268.25
2026-02-13,20380.07,19972.47,23437.09,26494.1,1268.5
2026-02-16,20537.03,20126.29,23617.58,26698.14,1268.75
2026-02-17,20511.09,20100.87,23587.76,26664.42,1269.0
2026-02-18,20283.48,19877.81,23326.01,26368.53,1269.25
2026-02-19,20544.77,20133.87,23626.48,26708.2,1269.5
2026-02-20,20999.95,20579.95,24149.95,27299.94,1269.75
2026-02-23,20835.38,20418.67,23960.69,27086.0,1270.0
2026-02-24,20646.24,20233.31,23743.17,26840.11,1270.25
2026-02-25,20397.96,19990.0,23457.65,26517.35,1270.5
2026-02-26,20046.24,19645.31,23053.18,26060.11,1270.75
2026-02-27,20141.27,19738.44,23162.46,26183.65,1271.0
2026-03-02,20211.22,19806.99,23242.9,26274.58,1271.25
2026-03-03,20044.23,19643.35,23050.87,26057.5,1271.5
2026-03-04,20122.25,19719.81,23140.59,26158.93,1271.75
2026-03-05,19899.28,19501.3,22884.17,25869.07,1272.0
2026-03-06,20049.7,19648.71,23057.16,26064.61,1272.25
2026-03-09,20302.93,19896.87,23348.37,26393.81,1272.5
2026-03-10,20414.87,20006.58,23477.11,26539.34,1272.75
2026-03-11,20483.28,20073.61,23555.77,26628.26,1273.0
2026-03-12,20442.19,20033.35,23508.52,26574.85,1273.25
2026-03-13,20592.21,20180.36,23681.04,26769.87,1273.5
2026-03-16,21016.27,20595.95,24168.72,27321.16,1273.75
2026-03-17,21060.9,20639.68,24220.04,27379.17,1274.0
2026-03-18,20937.09,20518.35,24077.65,27218.21,1274.25
2026-03-19,20830.21,20413.6,23954.74,27079.27,1274.5
2026-03-20,20826.37,20409.85,23950.33,27074.29,1274.75
2026-03-23,21007.82,20587.66,24158.99,27310.17,1275.0
2026-03-24,21284.7,20859.0,24477.4,27670.1,1275.25
2026-03-25,21337.34,20910.59,24537.94,27738.54,1275.5
2026-03-26,21416.04,20987.72,24628.45,27840.86,1275.75
2026-03-27,21356.65,20929.52,24560.15,27763.64,1276.0
2026-03-30,21423.84,20995.36,24637.42,27850.99,1276.25
2026-03-31,21415.37,20987.06,24627.68,27839.98,1276.5
2026-04-01,21448.9,21019.92,24666.23,27883.57,1276.75
2026-04-02,21300.65,20874.63,24495.74,27690.84,1277.0
2026-04-03,21198.07,20774.11,24377.78,27557.49,1277.25
2026-04-06,21392.96,20965.1,24601.9,27810.85,1277.5
2026-04-07,21105.67,20683.56,24271.52,27437.37,1277.75
2026-04-08,21167.87,20744.51,24343.05,27518.23,1278.0
2026-04-09,21314.35,20888.06,24511.5,27708.66,1278.25
2026-04-10,21190.59,20766.77,24369.17,27547.76,1278.5
2026-04-13,20966.41,20547.08,24111.37,27256.33,1278.75
2026-04-14,20705.15,20291.05,23810.92,26916.69,1279.0
2026-04-15,20714.73,20300.44,23821.94,26929.15,1279.25
2026-04-16,20930.48,20511.87,24070.05,27209.63,1279.5
2026-04-17,21119.12,20696.74,24286.99,27454.85,1279.75
2026-04-20,21634.5,21201.81,24879.67,28124.85,1280.0
2026-04-21,21804.48,21368.39,25075.15,28345.82,1280.25
2026-04-22,21619.85,21187.46,24862.83,28105.81,1280.5
2026-04-23,21410.68,20982.47,24622.29,27833.89,1280.75
2026-04-24,21445.49,21016.58,24662.32,27879.14,1281.0
2026-04-27,21179.4,20755.81,24356.31,27533.22,1281.25
2026-04-28,20914.89,20496.59,24052.12,27189.36,1281.5
2026-04-29,20773.8,20358.33,23889.87,27005.94,1281.75
2026-04-30,20795.05,20379.15,23914.31,27033.56,1282.0
2026-05-01,20670.84,20257.42,23771.46,26872.09,1282.25
2026-05-04,20719.42,20305.03,23827.33,26935.24,1282.5
2026-05-05,20651.54,20238.51,23749.27,26847.0,1282.75
2026-05-06,20304.08,19898.0,23349.69,26395.3,1283.0
2026-05-07,20561.81,20150.57,23646.08,26730.35,1283.25
2026-05-08,20787.27,20371.52,23905.36,27023.45,1283.5
2026-05-11,21146.13,20723.2,24318.05,27489.96,1283.75
2026-05-12,21312.99,20886.73,24509.94,27706.89,1284.0
2026-05-13,21324.88,20898.39,24523.62,27722.35,1284.25
2026-05-14,21276.14,20850.62,24467.56,27658.98,1284.5
2026-05-15,21511.6,21081.37,24738.34,27965.09,1284.75
2026-05-18,21504.47,21074.38,24730.14,27955.82,1285.0
2026-05-19,21626.71,21194.17,24870.71,28114.72,1285.25
2026-05-20,21502.95,21072.89,24728.39,27953.83,1285.5
2026-05-21,21599.46,21167.47,24839.38,28079.29,1285.75
2026-05-22,21762.3,21327.06,25026.65,28290.99,1286.0
2026-05-25,21871.23,21433.81,25151.92,28432.6,1286.25
2026-05-26,21844.07,21407.19,25120.68,28397.29,1286.5
2026-05-27,21786.26,21350.53,25054.2,28322.14,1286.75
2026-05-28,21985.05,21545.35,25282.81,28580.56,1287.0
2026-05-29,22080.64,21639.02,25392.73,28704.83,1287.25
